TARGET,PERIODS,ACTIVE,MINACTIVE,MAXACTIVE,DISCOUNT,LINEAR,PREMULTIPLY
feature.Area.og1.CWHvm_CW_HW_M,31,false,false,false,1.0,false,false
feature.Area.og1.CWHvm_CW_PLC_M,31,false,false,false,1.0,false,false
feature.Area.og1.CWHvm_CW_YC_M,31,false,false,false,1.0,false,false
feature.Area.og1.CWHvm_DR_HW_M,31,false,false,false,1.0,false,false
feature.Area.og1.CWHvm_FDC_HW_H,31,false,false,false,1.0,false,false
feature.Area.og1.CWHvm_FDC_HW_L,31,false,false,false,1.0,false,false
feature.Area.og1.CWHvm_FDC_HW_M,31,false,false,false,1.0,false,false
feature.Area.og1.CWHvm_HW_BA_M,31,false,false,false,1.0,false,false
feature.Area.og1.CWHvm_HW_CW_H,31,false,false,false,1.0,false,false
feature.Area.og1.CWHvm_HW_CW_L,31,false,false,false,1.0,false,false
feature.Area.og1.CWHvm_HW_CW_M,31,false,false,false,1.0,false,false
feature.Area.og1.CWHvm_HW_FDC_H,31,false,false,false,1.0,false,false
feature.Area.og1.CWHvm_HW_FDC_L,31,false,false,false,1.0,false,false
feature.Area.og1.CWHvm_HW_SS_M,31,false,false,false,1.0,false,false
feature.Area.og1.total,31,false,false,false,1.0,false,false
feature.Area.og2.CWHvm_CW_HW_M,31,false,false,false,1.0,false,false
feature.Area.og2.CWHvm_CW_PLC_M,31,false,false,false,1.0,false,false
feature.Area.og2.CWHvm_CW_YC_M,31,false,false,false,1.0,false,false
feature.Area.og2.CWHvm_DR_HW_M,31,false,false,false,1.0,false,false
feature.Area.og2.CWHvm_FDC_HW_H,31,false,false,false,1.0,false,false
feature.Area.og2.CWHvm_FDC_HW_L,31,false,false,false,1.0,false,false
feature.Area.og2.CWHvm_FDC_HW_M,31,false,false,false,1.0,false,false
feature.Area.og2.CWHvm_HW_BA_M,31,false,false,false,1.0,false,false
feature.Area.og2.CWHvm_HW_CW_H,31,false,false,false,1.0,false,false
feature.Area.og2.CWHvm_HW_CW_L,31,false,false,false,1.0,false,false
feature.Area.og2.CWHvm_HW_CW_M,31,false,false,false,1.0,false,false
feature.Area.og2.CWHvm_HW_FDC_H,31,false,false,false,1.0,false,false
feature.Area.og2.CWHvm_HW_FDC_L,31,false,false,false,1.0,false,false
feature.Area.og2.CWHvm_HW_SS_M,31,false,false,false,1.0,false,false
feature.Area.og2.total,31,false,false,false,1.0,false,false
feature.Area.managed,31,false,false,false,1.0,false,false
feature.Area.unmanaged,31,false,false,false,1.0,false,false
feature.Seral.CWHvm_CW_HW_M.immature,31,false,false,false,1.0,false,false
feature.Seral.CWHvm_CW_HW_M.mature,31,false,false,false,1.0,false,false
feature.Seral.CWHvm_CW_HW_M.overmature,31,false,false,false,1.0,false,false
feature.Seral.CWHvm_CW_HW_M.regenerating,31,false,false,false,1.0,false,false
feature.Seral.CWHvm_CW_HW_M.young,31,false,false,false,1.0,false,false
feature.Seral.CWHvm_CW_PLC_M.immature,31,false,false,false,1.0,false,false
feature.Seral.CWHvm_CW_PLC_M.mature,31,false,false,false,1.0,false,false
feature.Seral.CWHvm_CW_PLC_M.overmature,31,false,false,false,1.0,false,false
feature.Seral.CWHvm_CW_PLC_M.regenerating,31,false,false,false,1.0,false,false
feature.Seral.CWHvm_CW_PLC_M.young,31,false,false,false,1.0,false,false
feature.Seral.CWHvm_CW_YC_M.immature,31,false,false,false,1.0,false,false
feature.Seral.CWHvm_CW_YC_M.mature,31,false,false,false,1.0,false,false
feature.Seral.CWHvm_CW_YC_M.overmature,31,false,false,false,1.0,false,false
feature.Seral.CWHvm_CW_YC_M.regenerating,31,false,false,false,1.0,false,false
feature.Seral.CWHvm_CW_YC_M.young,31,false,false,false,1.0,false,false
feature.Seral.CWHvm_DR_HW_M.immature,31,false,false,false,1.0,false,false
feature.Seral.CWHvm_DR_HW_M.mature,31,false,false,false,1.0,false,false
feature.Seral.CWHvm_DR_HW_M.overmature,31,false,false,false,1.0,false,false
feature.Seral.CWHvm_DR_HW_M.regenerating,31,false,false,false,1.0,false,false
feature.Seral.CWHvm_DR_HW_M.young,31,false,false,false,1.0,false,false
feature.Seral.CWHvm_FDC_HW_H.immature,31,false,false,false,1.0,false,false
feature.Seral.CWHvm_FDC_HW_H.mature,31,false,false,false,1.0,false,false
feature.Seral.CWHvm_FDC_HW_H.overmature,31,false,false,false,1.0,false,false
feature.Seral.CWHvm_FDC_HW_H.regenerating,31,false,false,false,1.0,false,false
feature.Seral.CWHvm_FDC_HW_H.young,31,false,false,false,1.0,false,false
feature.Seral.CWHvm_FDC_HW_L.immature,31,false,false,false,1.0,false,false
feature.Seral.CWHvm_FDC_HW_L.mature,31,false,false,false,1.0,false,false
feature.Seral.CWHvm_FDC_HW_L.overmature,31,false,false,false,1.0,false,false
feature.Seral.CWHvm_FDC_HW_L.regenerating,31,false,false,false,1.0,false,false
feature.Seral.CWHvm_FDC_HW_L.young,31,false,false,false,1.0,false,false
feature.Seral.CWHvm_FDC_HW_M.immature,31,false,false,false,1.0,false,false
feature.Seral.CWHvm_FDC_HW_M.mature,31,false,false,false,1.0,false,false
feature.Seral.CWHvm_FDC_HW_M.overmature,31,false,false,false,1.0,false,false
feature.Seral.CWHvm_FDC_HW_M.regenerating,31,false,false,false,1.0,false,false
feature.Seral.CWHvm_FDC_HW_M.young,31,false,false,false,1.0,false,false
feature.Seral.CWHvm_HW_BA_M.immature,31,false,false,false,1.0,false,false
feature.Seral.CWHvm_HW_BA_M.mature,31,false,false,false,1.0,false,false
feature.Seral.CWHvm_HW_BA_M.overmature,31,false,false,false,1.0,false,false
feature.Seral.CWHvm_HW_BA_M.regenerating,31,false,false,false,1.0,false,false
feature.Seral.CWHvm_HW_BA_M.young,31,false,false,false,1.0,false,false
feature.Seral.CWHvm_HW_CW_H.immature,31,false,false,false,1.0,false,false
feature.Seral.CWHvm_HW_CW_H.mature,31,false,false,false,1.0,false,false
feature.Seral.CWHvm_HW_CW_H.overmature,31,false,false,false,1.0,false,false
feature.Seral.CWHvm_HW_CW_H.regenerating,31,false,false,false,1.0,false,false
feature.Seral.CWHvm_HW_CW_H.young,31,false,false,false,1.0,false,false
feature.Seral.CWHvm_HW_CW_L.immature,31,false,false,false,1.0,false,false
feature.Seral.CWHvm_HW_CW_L.mature,31,false,false,false,1.0,false,false
feature.Seral.CWHvm_HW_CW_L.overmature,31,false,false,false,1.0,false,false
feature.Seral.CWHvm_HW_CW_L.regenerating,31,false,false,false,1.0,false,false
feature.Seral.CWHvm_HW_CW_L.young,31,false,false,false,1.0,false,false
feature.Seral.CWHvm_HW_CW_M.immature,31,false,false,false,1.0,false,false
feature.Seral.CWHvm_HW_CW_M.mature,31,false,false,false,1.0,false,false
feature.Seral.CWHvm_HW_CW_M.overmature,31,false,false,false,1.0,false,false
feature.Seral.CWHvm_HW_CW_M.regenerating,31,false,false,false,1.0,false,false
feature.Seral.CWHvm_HW_CW_M.young,31,false,false,false,1.0,false,false
feature.Seral.CWHvm_HW_FDC_H.immature,31,false,false,false,1.0,false,false
feature.Seral.CWHvm_HW_FDC_H.mature,31,false,false,false,1.0,false,false
feature.Seral.CWHvm_HW_FDC_H.overmature,31,false,false,false,1.0,false,false
feature.Seral.CWHvm_HW_FDC_H.regenerating,31,false,false,false,1.0,false,false
feature.Seral.CWHvm_HW_FDC_H.young,31,false,false,false,1.0,false,false
feature.Seral.CWHvm_HW_FDC_L.immature,31,false,false,false,1.0,false,false
feature.Seral.CWHvm_HW_FDC_L.mature,31,false,false,false,1.0,false,false
feature.Seral.CWHvm_HW_FDC_L.overmature,31,false,false,false,1.0,false,false
feature.Seral.CWHvm_HW_FDC_L.regenerating,31,false,false,false,1.0,false,false
feature.Seral.CWHvm_HW_FDC_L.young,31,false,false,false,1.0,false,false
feature.Seral.CWHvm_HW_SS_M.immature,31,false,false,false,1.0,false,false
feature.Seral.CWHvm_HW_SS_M.mature,31,false,false,false,1.0,false,false
feature.Seral.CWHvm_HW_SS_M.overmature,31,false,false,false,1.0,false,false
feature.Seral.CWHvm_HW_SS_M.regenerating,31,false,false,false,1.0,false,false
feature.Seral.CWHvm_HW_SS_M.young,31,false,false,false,1.0,false,false
feature.Seral.immature,31,false,false,false,1.0,false,false
feature.Seral.mature,31,false,false,false,1.0,false,false
feature.Seral.overmature,31,false,false,false,1.0,false,false
feature.Seral.regenerating,31,false,false,false,1.0,false,false
feature.Seral.young,31,false,false,false,1.0,false,false
feature.SpeciesProp.managed.BA,31,false,false,false,1.0,false,false
feature.SpeciesProp.managed.CW,31,false,false,false,1.0,false,false
feature.SpeciesProp.managed.FDC,31,false,false,false,1.0,false,false
feature.SpeciesProp.managed.HW,31,false,false,false,1.0,false,false
feature.SpeciesProp.managed.PLC,31,false,false,false,1.0,false,false
feature.SpeciesProp.managed.SS,31,false,false,false,1.0,false,false
feature.SpeciesProp.managed.YC,31,false,false,false,1.0,false,false
feature.SpeciesProp.unmanaged.BA,31,false,false,false,1.0,false,false
feature.SpeciesProp.unmanaged.CW,31,false,false,false,1.0,false,false
feature.SpeciesProp.unmanaged.FDC,31,false,false,false,1.0,false,false
feature.SpeciesProp.unmanaged.HW,31,false,false,false,1.0,false,false
feature.SpeciesProp.unmanaged.PLC,31,false,false,false,1.0,false,false
feature.SpeciesProp.unmanaged.SS,31,false,false,false,1.0,false,false
feature.SpeciesProp.unmanaged.YC,31,false,false,false,1.0,false,false
feature.Yield.managed.BA,31,false,false,false,1.0,false,false
feature.Yield.managed.CW,31,false,false,false,1.0,false,false
feature.Yield.managed.FDC,31,false,false,false,1.0,false,false
feature.Yield.managed.HW,31,false,false,false,1.0,false,false
feature.Yield.managed.SS,31,false,false,false,1.0,false,false
feature.Yield.managed.Total,31,false,false,false,1.0,false,false
feature.Yield.managed.YC,31,false,false,false,1.0,false,false
feature.Yield.unmanaged.BA,31,false,false,false,1.0,false,false
feature.Yield.unmanaged.CW,31,false,false,false,1.0,false,false
feature.Yield.unmanaged.FDC,31,false,false,false,1.0,false,false
feature.Yield.unmanaged.HW,31,false,false,false,1.0,false,false
feature.Yield.unmanaged.PLC,31,false,false,false,1.0,false,false
feature.Yield.unmanaged.SS,31,false,false,false,1.0,false,false
feature.Yield.unmanaged.Total,31,false,false,false,1.0,false,false
feature.Yield.unmanaged.YC,31,false,false,false,1.0,false,false
flow.even.product.Yield.managed.BA,31,false,false,false,1.0,false,false
flow.even.product.Yield.managed.CW,31,false,false,false,1.0,false,false
flow.even.product.Yield.managed.FDC,31,false,false,false,1.0,false,false
flow.even.product.Yield.managed.HW,31,false,false,false,1.0,false,false
flow.even.product.Yield.managed.SS,31,false,false,false,1.0,false,false
flow.even.product.Yield.managed.Total,31,true,true,true,1.0,false,false
flow.even.product.Yield.managed.YC,31,false,false,false,1.0,false,false
flow.ndy.feature.Yield.managed.BA,31,false,false,false,1.0,false,false
flow.ndy.feature.Yield.managed.CW,31,false,false,false,1.0,false,false
flow.ndy.feature.Yield.managed.FDC,31,false,false,false,1.0,false,false
flow.ndy.feature.Yield.managed.HW,31,false,false,false,1.0,false,false
flow.ndy.feature.Yield.managed.SS,31,false,false,false,1.0,false,false
flow.ndy.feature.Yield.managed.Total,31,true,true,true,1.0,true,false
flow.ndy.feature.Yield.managed.YC,31,false,false,false,1.0,false,false
patch.blocks.area,31,false,false,false,1.0,false,false
patch.blocks.attractor,31,false,false,false,1.0,false,false
patch.blocks.blocks,31,false,false,false,1.0,false,false
patch.blocks.freqpercent,31,false,false,false,1.0,false,false
patch.blocks.frequency,31,false,false,false,1.0,false,false
patch.blocks.shape,31,false,false,false,1.0,false,false
patch.blocks.size,31,false,true,true,1.0,false,false
patch.regen.0_max.area,31,false,false,false,1.0,false,false
patch.regen.0_max.attractor,31,false,false,false,1.0,false,false
patch.regen.0_max.blocks,31,false,false,false,1.0,false,false
patch.regen.0_max.freqpercent,31,false,false,false,1.0,false,false
patch.regen.0_max.frequency,31,false,false,false,1.0,false,false
patch.regen.0_max.shape,31,false,false,false,1.0,false,false
patch.regen.0_max.size,31,false,true,true,1.0,false,false
patch.regen.max_plus.area,31,true,false,true,1.0,false,false
patch.regen.max_plus.attractor,31,false,false,false,1.0,false,false
patch.regen.max_plus.blocks,31,false,false,false,1.0,false,false
patch.regen.max_plus.freqpercent,31,false,false,false,1.0,false,false
patch.regen.max_plus.frequency,31,false,false,false,1.0,false,false
patch.regen.max_plus.shape,31,false,false,false,1.0,false,false
patch.regen.max_plus.size,31,false,true,true,1.0,false,false
product.HarvestedVolume.managed.BA.CC,31,false,false,false,1.0,false,false
product.HarvestedVolume.managed.CW.CC,31,false,false,false,1.0,false,false
product.HarvestedVolume.managed.FDC.CC,31,false,false,false,1.0,false,false
product.HarvestedVolume.managed.HW.CC,31,false,false,false,1.0,false,false
product.HarvestedVolume.managed.SS.CC,31,false,false,false,1.0,false,false
product.HarvestedVolume.managed.Total.CC,31,false,false,false,1.0,false,false
product.HarvestedVolume.managed.YC.CC,31,false,false,false,1.0,false,false
product.Seral.area.immature.CWHvm_CW_HW_M.CC,31,false,false,false,1.0,false,false
product.Seral.area.immature.CWHvm_CW_PLC_M.CC,31,false,false,false,1.0,false,false
product.Seral.area.immature.CWHvm_CW_YC_M.CC,31,false,false,false,1.0,false,false
product.Seral.area.immature.CWHvm_DR_HW_M.CC,31,false,false,false,1.0,false,false
product.Seral.area.immature.CWHvm_FDC_HW_H.CC,31,false,false,false,1.0,false,false
product.Seral.area.immature.CWHvm_FDC_HW_L.CC,31,false,false,false,1.0,false,false
product.Seral.area.immature.CWHvm_FDC_HW_M.CC,31,false,false,false,1.0,false,false
product.Seral.area.immature.CWHvm_HW_BA_M.CC,31,false,false,false,1.0,false,false
product.Seral.area.immature.CWHvm_HW_CW_H.CC,31,false,false,false,1.0,false,false
product.Seral.area.immature.CWHvm_HW_CW_L.CC,31,false,false,false,1.0,false,false
product.Seral.area.immature.CWHvm_HW_CW_M.CC,31,false,false,false,1.0,false,false
product.Seral.area.immature.CWHvm_HW_FDC_H.CC,31,false,false,false,1.0,false,false
product.Seral.area.immature.CWHvm_HW_FDC_L.CC,31,false,false,false,1.0,false,false
product.Seral.area.immature.CWHvm_HW_SS_M.CC,31,false,false,false,1.0,false,false
product.Seral.area.mature.CWHvm_CW_HW_M.CC,31,false,false,false,1.0,false,false
product.Seral.area.mature.CWHvm_CW_PLC_M.CC,31,false,false,false,1.0,false,false
product.Seral.area.mature.CWHvm_CW_YC_M.CC,31,false,false,false,1.0,false,false
product.Seral.area.mature.CWHvm_DR_HW_M.CC,31,false,false,false,1.0,false,false
product.Seral.area.mature.CWHvm_FDC_HW_H.CC,31,false,false,false,1.0,false,false
product.Seral.area.mature.CWHvm_FDC_HW_L.CC,31,false,false,false,1.0,false,false
product.Seral.area.mature.CWHvm_FDC_HW_M.CC,31,false,false,false,1.0,false,false
product.Seral.area.mature.CWHvm_HW_BA_M.CC,31,false,false,false,1.0,false,false
product.Seral.area.mature.CWHvm_HW_CW_H.CC,31,false,false,false,1.0,false,false
product.Seral.area.mature.CWHvm_HW_CW_L.CC,31,false,false,false,1.0,false,false
product.Seral.area.mature.CWHvm_HW_CW_M.CC,31,false,false,false,1.0,false,false
product.Seral.area.mature.CWHvm_HW_FDC_H.CC,31,false,false,false,1.0,false,false
product.Seral.area.mature.CWHvm_HW_FDC_L.CC,31,false,false,false,1.0,false,false
product.Seral.area.mature.CWHvm_HW_SS_M.CC,31,false,false,false,1.0,false,false
product.Seral.area.overmature.CWHvm_CW_HW_M.CC,31,false,false,false,1.0,false,false
product.Seral.area.overmature.CWHvm_CW_PLC_M.CC,31,false,false,false,1.0,false,false
product.Seral.area.overmature.CWHvm_CW_YC_M.CC,31,false,false,false,1.0,false,false
product.Seral.area.overmature.CWHvm_DR_HW_M.CC,31,false,false,false,1.0,false,false
product.Seral.area.overmature.CWHvm_FDC_HW_H.CC,31,false,false,false,1.0,false,false
product.Seral.area.overmature.CWHvm_FDC_HW_L.CC,31,false,false,false,1.0,false,false
product.Seral.area.overmature.CWHvm_FDC_HW_M.CC,31,false,false,false,1.0,false,false
product.Seral.area.overmature.CWHvm_HW_BA_M.CC,31,false,false,false,1.0,false,false
product.Seral.area.overmature.CWHvm_HW_CW_H.CC,31,false,false,false,1.0,false,false
product.Seral.area.overmature.CWHvm_HW_CW_L.CC,31,false,false,false,1.0,false,false
product.Seral.area.overmature.CWHvm_HW_CW_M.CC,31,false,false,false,1.0,false,false
product.Seral.area.overmature.CWHvm_HW_FDC_H.CC,31,false,false,false,1.0,false,false
product.Seral.area.overmature.CWHvm_HW_FDC_L.CC,31,false,false,false,1.0,false,false
product.Seral.area.overmature.CWHvm_HW_SS_M.CC,31,false,false,false,1.0,false,false
product.Seral.area.regenerating.CWHvm_CW_HW_M.CC,31,false,false,false,1.0,false,false
product.Seral.area.regenerating.CWHvm_CW_PLC_M.CC,31,false,false,false,1.0,false,false
product.Seral.area.regenerating.CWHvm_CW_YC_M.CC,31,false,false,false,1.0,false,false
product.Seral.area.regenerating.CWHvm_DR_HW_M.CC,31,false,false,false,1.0,false,false
product.Seral.area.regenerating.CWHvm_FDC_HW_H.CC,31,false,false,false,1.0,false,false
product.Seral.area.regenerating.CWHvm_FDC_HW_L.CC,31,false,false,false,1.0,false,false
product.Seral.area.regenerating.CWHvm_FDC_HW_M.CC,31,false,false,false,1.0,false,false
product.Seral.area.regenerating.CWHvm_HW_BA_M.CC,31,false,false,false,1.0,false,false
product.Seral.area.regenerating.CWHvm_HW_CW_H.CC,31,false,false,false,1.0,false,false
product.Seral.area.regenerating.CWHvm_HW_CW_L.CC,31,false,false,false,1.0,false,false
product.Seral.area.regenerating.CWHvm_HW_CW_M.CC,31,false,false,false,1.0,false,false
product.Seral.area.regenerating.CWHvm_HW_FDC_H.CC,31,false,false,false,1.0,false,false
product.Seral.area.regenerating.CWHvm_HW_FDC_L.CC,31,false,false,false,1.0,false,false
product.Seral.area.regenerating.CWHvm_HW_SS_M.CC,31,false,false,false,1.0,false,false
product.Seral.area.young.CWHvm_CW_HW_M.CC,31,false,false,false,1.0,false,false
product.Seral.area.young.CWHvm_CW_PLC_M.CC,31,false,false,false,1.0,false,false
product.Seral.area.young.CWHvm_CW_YC_M.CC,31,false,false,false,1.0,false,false
product.Seral.area.young.CWHvm_DR_HW_M.CC,31,false,false,false,1.0,false,false
product.Seral.area.young.CWHvm_FDC_HW_H.CC,31,false,false,false,1.0,false,false
product.Seral.area.young.CWHvm_FDC_HW_L.CC,31,false,false,false,1.0,false,false
product.Seral.area.young.CWHvm_FDC_HW_M.CC,31,false,false,false,1.0,false,false
product.Seral.area.young.CWHvm_HW_BA_M.CC,31,false,false,false,1.0,false,false
product.Seral.area.young.CWHvm_HW_CW_H.CC,31,false,false,false,1.0,false,false
product.Seral.area.young.CWHvm_HW_CW_L.CC,31,false,false,false,1.0,false,false
product.Seral.area.young.CWHvm_HW_CW_M.CC,31,false,false,false,1.0,false,false
product.Seral.area.young.CWHvm_HW_FDC_H.CC,31,false,false,false,1.0,false,false
product.Seral.area.young.CWHvm_HW_FDC_L.CC,31,false,false,false,1.0,false,false
product.Seral.area.young.CWHvm_HW_SS_M.CC,31,false,false,false,1.0,false,false
product.SpeciesProp.managed.BA,31,false,false,false,1.0,false,false
product.SpeciesProp.managed.CW,31,false,false,false,1.0,false,false
product.SpeciesProp.managed.FDC,31,false,false,false,1.0,false,false
product.SpeciesProp.managed.HW,31,false,false,false,1.0,false,false
product.SpeciesProp.managed.PLC,31,false,false,false,1.0,false,false
product.SpeciesProp.managed.SS,31,false,false,false,1.0,false,false
product.SpeciesProp.managed.YC,31,false,false,false,1.0,false,false
product.Treated.managed.CC,31,false,false,false,1.0,false,false
product.Yield.managed.BA,31,false,false,false,1.0,false,false
product.Yield.managed.CW,31,false,false,false,1.0,false,false
product.Yield.managed.FDC,31,false,false,false,1.0,false,false
product.Yield.managed.HW,31,false,false,false,1.0,false,false
product.Yield.managed.SS,31,false,false,false,1.0,false,false
product.Yield.managed.Total,31,true,true,true,1.0,false,false
product.Yield.managed.YC,31,false,false,false,1.0,false,false
